City_ID,City,Lat,Lng,Max Temp,Humidity,Cloudiness,Wind Speed,Country,Date
0,Pevek,69.7,170.27,-4.92,93,68,19.28,RU,1552895823
1,Manyana,-35.26,150.51,71.01,94,40,11.41,AU,1552895537
2,Salalah,17.01,54.1,82.4,65,20,10.29,OM,1552891800
3,Galle,29.74,-97.91,50.0,81,1,2.84,US,1552895812
4,Correntina,-13.34,-44.63,68.07,91,0,3.4,BR,1552895824
5,Roslavl,53.95,32.86,46.02,75,0,21.74,RU,1552895824
6,Jamestown,-33.21,138.6,70.68,71,8,4.52,AU,1552895607
7,Adrar,27.87,-0.29,55.4,26,0,9.17,DZ,1552892400
8,Longyan,25.1,117.03,66.36,77,64,2.39,CN,1552895825
9,Qaanaaq,77.48,-69.36,-31.43,100,0,10.67,GL,1552895826
10,Tuatapere,-46.13,167.69,58.13,100,88,4.97,NZ,1552895826
11,Punta Arenas,-53.16,-70.91,48.2,70,0,21.92,CL,1552895589
12,Ishigaki,24.34,124.16,75.2,73,75,12.75,JP,1552892400
13,Hambantota,6.12,81.12,89.6,70,40,12.75,LK,1552893000
14,Rikitea,-23.12,-134.97,78.65,100,48,20.07,PF,1552895827
15,Dikson,73.51,80.55,24.69,100,88,21.3,RU,1552895827
16,Aloleng,16.13,119.78,87.6,69,24,6.53,PH,1552895827
17,Lorengau,-2.02,147.27,84.54,93,0,12.68,PG,1552895827
18,Maputo,-25.97,32.57,87.8,52,20,11.41,MZ,1552892400
19,Port Alfred,-33.59,26.89,73.0,96,32,4.52,ZA,1552895707
20,Katangli,51.71,143.23,31.89,84,88,6.64,RU,1552895828
21,Qasigiannguit,68.82,-51.19,-2.21,64,36,13.87,GL,1552891800
22,Moa,20.66,-74.95,63.8,97,32,1.83,CU,1552895828
23,Coihaique,-45.58,-72.07,39.2,80,68,14.99,CL,1552892400
24,La Maddalena,39.15,9.02,55.4,81,0,18.34,IT,1552894205
25,Codrington,-28.95,153.24,80.6,69,0,8.05,AU,1552895556
26,Puerto Ayora,-0.74,-90.35,73.74,98,24,2.95,EC,1552895829
27,Kapaa,22.08,-159.32,69.8,59,75,8.05,US,1552895593
28,Padang,-0.92,100.36,87.8,66,20,9.17,ID,1552892400
29,Timbuktu,16.77,-3.01,81.75,17,0,6.53,ML,1552895830
30,Avarua,-21.21,-159.78,80.6,83,100,13.87,CK,1552894200
31,Luderitz,-26.65,15.16,65.78,87,0,7.43,NA,1552895830
32,Benghazi,32.12,20.07,62.22,97,0,4.29,LY,1552895831
33,Bambous Virieux,-20.34,57.76,87.8,74,75,12.75,MU,1552895643
34,Javanrud,34.8,46.49,44.6,56,40,2.24,IR,1552892400
35,Tarare,45.89,4.44,44.6,74,90,3.36,FR,1552895227
36,Batemans Bay,-35.71,150.18,72.0,87,92,1.99,AU,1552895300
37,Hermanus,-34.42,19.24,72.0,85,0,1.01,ZA,1552895200
38,Beringovskiy,63.05,179.32,-4.38,100,24,2.06,RU,1552895832
39,Shenzhen,22.54,114.05,77.0,73,0,4.47,CN,1552895709
40,Siilinjarvi,63.08,27.67,32.0,91,90,12.75,FI,1552893600
41,Husavik,50.56,-96.99,19.99,95,24,6.08,CA,1552895741
42,Ponta Delgada,37.73,-25.67,57.2,87,20,6.93,PT,1552895794
43,Taltal,-25.41,-70.49,52.91,91,12,2.62,CL,1552895833
44,Krasnyy Chikoy,50.36,108.75,31.62,68,92,9.1,RU,1552895834
45,Garissa,-0.46,39.64,90.12,52,0,5.64,KE,1552895834
46,Esperance,10.24,-61.45,75.2,88,20,6.42,TT,1552895706
47,Wanning,48.64,13.53,43.0,91,0,11.41,AT,1552895829
48,Cidreira,-30.17,-50.22,70.77,98,92,7.76,BR,1552895835
49,Tekirdag,40.98,27.51,61.0,67,0,3.36,TR,1552893600
50,Ushuaia,-54.81,-68.31,41.0,86,75,27.51,AR,1552892400
51,Turkmenabat,39.09,63.58,71.6,30,90,20.8,TM,1552892400
52,East London,-33.02,27.91,71.6,94,40,6.93,ZA,1552892400
53,North Myrtle Beach,33.83,-78.68,44.01,100,1,11.79,US,1552895643
54,Cayenne,4.94,-52.33,71.6,88,40,2.24,GF,1552892400
55,Lazaro Cardenas,28.39,-105.62,45.08,64,80,2.73,MX,1552895836
56,Yellowknife,62.45,-114.38,19.4,85,5,2.24,CA,1552895567
57,Ancud,-41.87,-73.83,41.0,93,40,2.24,CL,1552892400
58,Sao Filipe,14.9,-24.5,70.05,100,8,13.91,CV,1552895838
59,Atuona,-9.8,-139.03,82.7,99,8,13.69,PF,1552895838
60,Cape Town,-33.93,18.42,73.99,82,20,12.75,ZA,1552895766
61,Ribeira Grande,38.52,-28.7,60.8,87,40,6.93,PT,1552894200
62,Albany,42.65,-73.75,28.4,100,40,6.93,US,1552895741
63,Shingu,33.72,135.99,53.6,100,75,10.29,JP,1552892400
64,Busselton,-33.64,115.35,93.99,40,44,4.0,AU,1552895768
65,Lakota,48.04,-98.34,12.2,92,1,5.82,US,1552895340
66,Gubkinskiy,64.43,76.5,14.25,85,48,7.43,RU,1552895839
67,Chokurdakh,70.62,147.9,-18.2,53,24,3.18,RU,1552895839
68,Parys,-26.9,27.46,78.96,56,0,6.64,ZA,1552895840
69,Hailar,49.2,119.7,49.8,28,44,0.94,CN,1552895840
70,Bom Jesus,-9.08,-44.36,69.24,90,0,2.84,BR,1552895841
71,Saint-Philippe,45.36,-73.48,23.0,57,1,8.05,CA,1552895734
72,Bethel,60.79,-161.76,17.6,85,1,9.17,US,1552892160
73,Olga,34.11,-118.17,64.0,72,1,4.7,US,1552895821
74,Akhmim,26.56,31.74,59.0,44,0,8.05,EG,1552892400
75,Leh,34.16,77.58,11.33,90,24,2.17,IN,1552895843
76,Gat,14.69,-16.54,66.2,82,0,11.41,SN,1552894200
77,Khani,41.96,42.96,44.6,87,90,9.17,GE,1552894200
78,Tuktoyaktuk,69.44,-133.03,22.58,70,12,4.74,CA,1552895844
79,Ponta do Sol,-20.63,-46.0,64.56,92,20,2.95,BR,1552895844
80,Mehamn,71.03,27.85,28.4,58,75,19.46,NO,1552893600
81,Victoria,5.28,115.24,87.8,66,75,6.93,BN,1552892400
82,Chimore,-16.98,-65.13,71.76,93,68,2.51,BO,1552895845
83,Bluff,-23.58,149.07,79.05,68,24,6.2,AU,1552895845
84,Ust-Nera,64.57,143.24,-17.79,45,0,1.95,RU,1552895845
85,Sovetskiy,56.76,48.47,33.2,98,68,6.2,RU,1552895846
86,Santiago de Compostela,42.88,-8.55,46.0,86,20,5.82,ES,1552895703
87,Grafton,-29.69,152.93,80.6,54,64,10.29,AU,1552895592
88,Bredasdorp,-34.53,20.04,72.0,83,32,3.36,ZA,1552895168
89,Waipawa,-39.94,176.59,64.99,75,0,1.99,NZ,1552892356
90,Lac du Bonnet,50.25,-96.06,19.99,95,88,4.74,CA,1552895741
91,Severo-Kurilsk,50.68,156.12,27.08,100,44,8.21,RU,1552895847
92,Tasiilaq,65.61,-37.64,21.2,79,92,32.21,GL,1552891800
93,Souillac,45.6,-0.6,43.0,93,0,2.24,FR,1552895829
94,Cabo San Lucas,22.89,-109.91,66.99,62,24,13.24,MX,1552895443
95,Butaritari,3.07,172.79,80.22,100,88,17.6,KI,1552895848
96,Nikolskoye,59.7,30.79,37.99,93,90,11.18,RU,1552895821
97,San Cristobal,-0.39,-78.55,57.2,93,75,1.12,EC,1552895180
98,Sergeyevka,53.88,67.42,28.11,99,8,8.77,KZ,1552895849
99,Mar del Plata,-46.43,-67.52,50.43,65,12,20.51,AR,1552895849
100,Sao Joao da Barra,-21.64,-41.05,81.8,100,36,5.75,BR,1552895849
101,Chuy,-33.69,-53.46,68.3,96,76,5.97,UY,1552895849
102,Saint George,39.45,22.34,60.8,55,0,3.18,GR,1552895601
103,Dickson,36.08,-87.39,41.0,64,1,4.7,US,1552895814
104,Merauke,-8.49,140.4,80.76,93,88,14.36,ID,1552895850
105,Nago,45.88,10.89,48.99,61,75,12.75,IT,1552895845
106,Upernavik,72.79,-56.15,-14.06,100,24,7.76,GL,1552895851
107,Anaconda,46.13,-112.94,24.01,78,1,4.7,US,1552895119
108,Brodokalmak,55.57,62.07,35.01,73,68,8.95,RU,1552895705
109,Groningen,53.22,6.57,45.0,75,20,14.99,NL,1552895634
110,Praia da Vitoria,38.73,-27.07,57.99,100,75,7.43,PT,1552895176
111,Kruisfontein,-34.0,24.73,70.59,91,92,3.96,ZA,1552895852
112,Kondopoga,62.21,34.27,37.4,74,90,4.47,RU,1552892400
113,Shiyan,32.65,110.78,68.88,39,0,2.95,CN,1552895852
114,Lompoc,34.64,-120.46,59.0,75,1,3.36,US,1552895506
115,Severo-Yeniseyskiy,60.37,93.04,26.31,59,48,3.4,RU,1552895852
116,Sao Domingos,-13.4,-46.32,66.63,93,20,2.73,BR,1552895853
117,Yankton,42.87,-97.4,28.4,92,1,8.05,US,1552895650
118,Kurya,51.6,82.29,21.81,92,36,12.68,RU,1552895853
119,Ati,13.21,18.34,89.4,19,0,9.22,TD,1552895853
120,Hobart,-42.88,147.33,68.0,60,75,8.05,AU,1552895774
121,Clyde River,70.47,-68.59,-22.01,67,1,19.46,CA,1552892400
122,Honiara,-9.43,159.96,75.0,100,44,0.27,SB,1552895854
123,Athabasca,54.72,-113.29,25.28,75,0,9.44,CA,1552895854
124,Sayyan,15.17,44.32,74.96,27,0,7.09,YE,1552895854
125,Hithadhoo,-0.6,73.08,84.05,100,8,5.97,MV,1552895855
126,Lyubytino,58.81,33.39,39.9,94,92,17.38,RU,1552895855
127,Willowmore,-33.3,23.49,71.76,73,44,2.84,ZA,1552895855
128,New Norfolk,-42.78,147.06,68.0,60,75,8.05,AU,1552895840
129,Sola,62.78,29.36,35.01,94,90,9.17,FI,1552895826
130,Doha,25.29,51.53,75.2,29,0,11.41,QA,1552892400
131,Saldanha,41.42,-6.55,41.79,58,0,7.99,PT,1552895856
132,Las Cruces,-33.5,-71.62,51.8,100,0,2.24,CL,1552892400
133,Turkan,35.6,68.92,35.58,89,36,3.29,AF,1552895857
134,Lanzhou,36.06,103.82,59.0,19,0,13.42,CN,1552892400
135,Grand-Santi,4.27,-54.38,73.47,82,8,3.4,GF,1552895857
136,Faanui,-16.48,-151.75,84.5,99,56,2.62,PF,1552895858
137,Pokosnoye,55.53,101.05,26.67,59,80,6.87,RU,1552895858
138,Airai,-8.93,125.41,78.06,66,36,1.83,TL,1552895858
139,Nemuro,43.32,145.57,42.8,38,20,8.05,JP,1552892400
140,Carnarvon,-30.97,22.13,81.8,13,0,8.21,ZA,1552895859
141,Sambava,-14.27,50.17,83.82,100,0,9.55,MG,1552895859
142,Kahului,20.89,-156.47,73.4,53,75,14.99,US,1552895560
143,Huntsville,34.73,-86.59,44.6,64,1,8.05,US,1552895683
144,Tiksi,71.64,128.87,-13.83,62,32,3.4,RU,1552895860
145,Ahuimanu,21.44,-157.84,69.8,56,20,5.82,US,1552895831
146,Ciudad Bolivar,8.12,-63.55,76.76,71,0,12.46,VE,1552895860
147,Norman Wells,65.28,-126.83,44.6,42,75,8.05,CA,1552892400
148,Xuddur,4.12,43.89,90.71,42,0,12.8,SO,1552895860
149,Shahrud,36.42,54.97,35.18,100,56,10.56,IR,1552895861
150,Komsomolskiy,67.55,63.78,24.2,94,88,11.12,RU,1552895861
151,Avera,33.19,-82.53,42.01,93,1,3.74,US,1552895741
152,Xining,36.62,101.77,54.3,15,8,3.62,CN,1552895861
153,Kodiak,39.95,-94.76,42.01,64,40,8.05,US,1552895824
154,Cairns,-16.92,145.77,78.8,83,75,3.36,AU,1552895440
155,Kaeo,-35.1,173.78,65.46,80,32,6.98,NZ,1552895862
156,Colonia,46.6,23.97,50.0,70,0,5.82,RO,1552894200
157,Mitsamiouli,-11.38,43.28,87.8,70,20,5.82,KM,1552892400
158,Kjollefjord,70.95,27.35,28.4,58,75,19.46,NO,1552893600
159,Dukhovshchina,55.19,32.41,41.66,88,8,20.62,RU,1552895863
160,Vaini,15.34,74.49,93.2,18,0,5.82,IN,1552892400
161,Tautira,-17.73,-149.15,82.4,78,20,3.36,PF,1552895585
162,Qingdao,36.09,120.35,57.2,54,0,17.9,CN,1552892400
163,Beidao,34.57,105.89,57.27,65,0,5.64,CN,1552895864
164,Hirara,24.8,125.28,71.6,88,75,10.29,JP,1552892400
165,Guerrero Negro,27.97,-114.04,50.03,100,0,7.09,MX,1552895864
166,Thompson,55.74,-97.86,19.4,85,20,3.96,CA,1552892400
167,Hilo,19.71,-155.08,71.6,60,90,8.05,US,1552895838
168,Manadhoo,5.77,73.38,84.86,100,76,9.78,MV,1552895865
169,Sinnamary,5.38,-52.96,78.24,97,92,11.01,GF,1552895865
170,Castro,-42.48,-73.76,41.0,93,40,2.24,CL,1552892400
171,Langres,47.87,5.33,39.2,86,90,6.93,FR,1552895112
172,Paralia,40.27,22.6,63.0,62,0,0.49,GR,1552895830
173,Sitka,37.17,-99.65,37.99,79,68,7.99,US,1552895173
174,Geraldton,49.72,-86.95,-4.01,76,40,1.95,CA,1552892400
175,Nalut,31.86,10.98,67.8,52,0,4.74,LY,1552895867
176,Juba,57.82,26.93,37.99,93,0,8.05,EE,1552895731
177,Garowe,8.41,48.48,84.99,45,0,5.64,SO,1552895867
178,Kabugao,18.02,121.18,76.26,81,32,2.39,PH,1552895867
179,Charters Towers,-20.07,146.27,78.06,78,92,10.78,AU,1552895868
180,Mareeba,-16.99,145.42,78.8,83,75,3.36,AU,1552895717
181,Port Macquarie,-31.43,152.91,73.4,69,40,8.05,AU,1552892400
182,Aklavik,68.22,-135.01,39.2,48,75,5.82,CA,1552892400
183,Naze,5.43,7.07,77.0,94,20,5.41,NG,1552892400
184,Westport,53.8,-9.52,46.99,100,90,9.17,IE,1552895522
185,Broome,52.47,1.45,43.0,93,0,6.93,GB,1552895857
186,Bougouni,11.42,-7.49,89.58,41,0,8.99,ML,1552895869
187,Dingle,11.0,122.67,83.78,64,68,15.26,PH,1552895870
188,Havoysund,71.0,24.66,26.6,58,75,19.46,NO,1552893600
189,Oktyabrskoye,56.73,85.44,28.99,68,20,6.71,RU,1552895720
190,Sayat,38.78,63.88,71.6,30,90,20.8,TM,1552892400
191,Sept-Iles,50.2,-66.38,9.0,60,75,8.05,CA,1552895156
192,Berlevag,70.86,29.09,28.4,58,75,10.29,NO,1552891800
193,Hay River,60.82,-115.79,32.0,75,20,5.82,CA,1552892400
194,Uige,-7.61,15.06,81.8,78,0,3.06,AO,1552895871
195,Nabire,-3.36,135.5,75.41,78,32,0.83,ID,1552895588
196,Mercedes,-33.25,-58.03,62.13,92,0,3.74,UY,1552895872
197,Baykit,61.68,96.39,18.66,75,64,4.63,RU,1552895872
198,Klamath Falls,42.22,-121.78,42.8,48,1,12.75,US,1552895824
199,Richards Bay,-28.77,32.06,85.89,68,8,4.29,ZA,1552895872
200,Vostok,46.45,135.83,40.98,59,88,6.08,RU,1552895873
201,Kieta,-6.22,155.63,80.04,99,48,4.41,PG,1552895620
202,Cherskiy,68.75,161.3,-11.0,72,44,8.32,RU,1552895876
203,Dillon,45.22,-112.64,21.2,85,1,8.05,US,1552895713
204,Wawa,9.9,4.41,90.71,30,44,4.63,NG,1552895876
205,Baruun-Urt,46.68,113.28,56.91,15,0,19.28,MN,1552895877
206,Okhotsk,59.36,143.24,10.92,90,48,0.94,RU,1552895877
207,Tessalit,20.2,1.01,81.39,18,24,4.18,ML,1552895877
208,Port Lincoln,-34.72,135.86,65.55,89,56,10.89,AU,1552895877
209,Belaya Gora,68.54,146.19,-22.47,66,8,2.95,RU,1552895878
210,Qinzhou,21.96,108.62,70.23,87,68,4.29,CN,1552895878
211,Lulea,65.58,22.15,32.0,94,90,2.24,SE,1552893600
212,Innisfail,52.02,-113.95,35.01,85,5,4.7,CA,1552895415
213,Mataura,-46.19,168.86,59.93,87,68,4.85,NZ,1552895878
214,Christchurch,-43.53,172.64,62.01,82,24,5.82,NZ,1552895545
215,Sao Gabriel da Cachoeira,-0.13,-67.09,73.56,92,20,2.06,BR,1552895879
216,Okitipupa,6.5,4.78,86.93,71,24,3.4,NG,1552895879
217,Shaowu,27.34,117.49,62.4,67,0,2.28,CN,1552895879
218,Zhireken,52.82,117.29,31.76,41,76,4.97,RU,1552895880
219,Saint-Denis,48.94,2.36,43.0,87,0,8.05,FR,1552895852
220,Isangel,-19.55,169.27,82.16,100,48,14.92,VU,1552895881
221,Tura,25.52,90.21,77.79,55,80,3.18,IN,1552895881
222,Fort Nelson,58.81,-122.69,39.2,55,75,4.7,CA,1552892400
223,Sechura,-5.56,-80.82,75.27,74,56,6.42,PE,1552895882
224,Caravelas,-17.73,-39.27,82.92,100,0,12.68,BR,1552895882
225,Gigmoto,13.78,124.39,80.45,96,88,13.24,PH,1552895882
226,Ascope,-7.71,-79.11,68.25,94,12,3.62,PE,1552895882
227,Port Keats,-14.25,129.55,89.04,71,24,7.65,AU,1552895882
228,Ullapool,57.9,-5.16,35.01,89,76,1.01,GB,1552895718
229,Anadyr,64.73,177.51,-11.01,76,48,6.71,RU,1552895589
230,Gueret,46.17,1.87,39.99,100,75,8.05,FR,1552895713
231,Namatanai,-3.66,152.44,83.6,96,80,9.66,PG,1552895883
232,Talnakh,69.49,88.39,5.48,82,48,6.87,RU,1552895884
233,Sinop,42.03,35.15,52.0,53,0,6.93,TR,1552891800
234,Teya,21.05,-89.07,77.0,73,75,5.82,MX,1552895116
235,Soyo,-6.13,12.37,81.53,96,24,0.94,AO,1552895884
236,Ngunguru,-35.62,174.5,69.24,97,48,10.67,NZ,1552895885
237,Pangkalanbuun,-2.68,111.62,82.47,89,48,8.1,ID,1552895885
238,Kaitangata,-46.28,169.85,56.73,90,88,3.4,NZ,1552895885
239,Palmer,-34.85,139.16,79.0,54,0,11.41,AU,1552895705
240,Baturaja,-4.12,104.17,78.11,100,32,4.74,ID,1552895886
241,Villanueva de la Serena,38.97,-5.8,46.0,89,0,11.68,ES,1552895836
242,Vardo,39.62,-77.74,36.0,74,75,2.51,US,1552895885
243,Iskateley,67.68,53.15,26.04,88,0,13.13,RU,1552895887
244,Maceio,-9.67,-35.74,75.2,94,20,4.7,BR,1552892400
245,Vila Franca do Campo,37.72,-25.43,57.2,87,20,6.93,PT,1552895854
246,Lebu,8.96,38.73,66.2,59,0,18.34,ET,1552892400
247,Hauterive,46.09,3.45,41.0,81,90,5.82,FR,1552895201
248,Moerai,-22.43,-151.33,79.05,100,64,25.88,PF,1552895888
249,Atar,20.52,-13.05,67.89,22,24,7.99,MR,1552895888
250,Torbay,47.66,-52.73,25.0,67,75,20.8,CA,1552895618
251,Zhangye,38.94,100.46,52.59,68,0,3.51,CN,1552895888
252,Egvekinot,66.32,-179.17,-12.53,55,36,2.39,RU,1552895888
253,Zlobin,45.29,14.65,55.99,93,90,12.75,HR,1552895756
254,Longyearbyen,78.22,15.63,26.6,68,75,26.4,NO,1552893600
255,Visnes,59.36,5.22,42.01,65,20,35.57,NO,1552895822
256,Manicore,-5.81,-61.3,75.45,93,12,1.95,BR,1552895889
257,Khatanga,71.98,102.47,3.9,81,76,10.45,RU,1552895890
258,Kumluca,36.37,30.29,60.6,30,0,2.17,TR,1552895890
259,Brae,60.4,-1.35,39.2,64,20,8.05,GB,1552893600
260,Pisco,-13.71,-76.2,68.16,91,32,1.39,PE,1552895834
261,Makakilo City,21.35,-158.09,69.8,59,1,9.17,US,1552895831
262,Tezu,27.93,96.16,66.68,52,88,1.83,IN,1552895891
263,Ulagan,50.63,87.96,10.02,58,56,3.18,RU,1552895891
264,Rincon,32.3,-81.24,48.99,100,1,3.18,US,1552895748
265,Chifeng,42.27,118.96,59.21,26,24,7.43,CN,1552895891
266,Centralia,39.21,-92.14,42.01,76,1,5.82,US,1552895854
267,Sheridan,39.65,-105.03,37.0,74,1,6.93,US,1552895827
268,Nome,30.04,-94.42,46.99,93,1,4.18,US,1552895843
269,Cizre,37.33,42.19,50.0,57,0,3.36,TR,1552891800
270,Chicama,-7.84,-79.15,68.25,94,12,3.62,PE,1552895893
271,Hazorasp,41.32,61.08,60.8,63,90,9.17,UZ,1552892400
272,Phek,25.7,94.46,71.76,48,80,2.39,IN,1552895893
273,Labis,2.38,103.02,92.46,41,8,7.43,MY,1552895792
274,Talwara,31.94,75.88,84.72,28,24,6.2,IN,1552895894
275,Arraial do Cabo,-22.97,-42.02,78.65,97,44,9.78,BR,1552895894
276,Redmond,47.67,-122.12,51.01,66,1,6.2,US,1552895616
277,Hwange,-18.35,26.5,86.75,42,0,4.74,ZW,1552895894
278,Yaan,7.38,8.57,88.5,69,0,7.87,NG,1552895894
279,Zhezkazgan,47.8,67.71,33.8,80,40,24.61,KZ,1552892400
280,Ilulissat,69.22,-51.1,-2.21,64,36,13.87,GL,1552891800
281,Ostrovnoy,68.05,39.51,30.63,100,88,8.77,RU,1552895895
282,Georgetown,6.8,-58.16,73.4,94,40,6.42,GY,1552892400
283,Bambari,5.77,20.68,89.18,38,0,9.55,CF,1552895896
284,Sokolo,14.74,-6.12,83.64,24,8,7.76,ML,1552895896
285,Karasburg,-28.01,18.75,80.4,18,0,4.63,NA,1552895896
286,La Ronge,55.1,-105.3,37.4,69,90,8.05,CA,1552892400
287,Havelock,34.88,-76.9,45.0,87,1,3.36,US,1552895780
288,Qujing,25.49,103.8,70.46,31,0,14.47,CN,1552895897
289,Broken Hill,-31.97,141.45,89.6,19,0,10.29,AU,1552892400
290,Katsuura,33.93,134.5,55.99,62,75,12.75,JP,1552895472
291,San Quintin,17.54,120.52,80.49,67,80,5.19,PH,1552895898
292,Mpika,-11.84,31.4,76.08,87,76,4.52,ZM,1552895898
293,Khor,47.88,134.96,44.94,42,32,10.45,RU,1552895898
294,Provideniya,64.42,-173.23,8.18,100,56,2.73,RU,1552895898
295,Grindavik,63.84,-22.43,42.01,93,75,14.99,IS,1552895196
296,Nayoro,44.36,142.46,35.76,64,8,10.78,JP,1552895899
297,Roald,62.58,6.12,39.99,64,40,13.87,NO,1552895703
298,Ouadda,8.07,22.4,92.51,14,12,17.49,CF,1552895899
299,Cerro Largo,-28.15,-54.74,67.98,98,92,4.63,BR,1552895899
300,Rawson,-43.3,-65.11,51.15,51,0,15.7,AR,1552895900
301,Haines Junction,60.75,-137.51,33.38,94,76,3.85,CA,1552895672
302,Saskylakh,71.97,114.09,-17.07,49,0,3.18,RU,1552895900
303,Cap Malheureux,-19.98,57.61,87.8,74,75,12.75,MU,1552895643
304,Hamilton,32.3,-64.78,60.8,93,90,18.34,BM,1552895155
305,Grenville,45.62,-74.6,19.4,66,5,4.7,CA,1552895713
306,Mayna,53.0,91.49,19.83,68,68,2.62,RU,1552895901
307,Parati,-20.51,-54.63,73.4,94,0,8.05,BR,1552892400
308,Ondjiva,-17.07,15.73,90.26,34,0,6.2,AO,1552895902
309,Yar-Sale,66.83,70.83,19.65,89,20,11.01,RU,1552895902
310,Harper,30.3,-99.24,50.0,70,1,2.84,US,1552895891
311,Barrow,-38.31,-60.23,60.33,79,0,9.89,AR,1552895899
312,Rocha,-34.48,-54.34,63.21,95,8,2.62,UY,1552895902
313,Aksarka,66.56,67.8,17.67,92,56,9.89,RU,1552895903
314,Douglas,31.34,-109.55,51.01,64,0,3.4,US,1552895897
315,Shitanjing,39.23,106.34,58.08,12,0,4.41,CN,1552895904
316,Sioux Lookout,50.1,-91.92,24.8,92,90,5.82,CA,1552894740
317,Prince Rupert,54.32,-130.32,46.4,75,1,5.82,CA,1552892400
318,Centenario do Sul,-22.82,-51.6,69.78,92,0,3.18,BR,1552895904
319,Flinders,-34.58,150.85,71.01,94,40,11.41,AU,1552895711
320,Teknaf,20.86,92.31,91.02,43,0,5.41,BD,1552895905
321,Mackay,53.65,-115.58,26.6,73,1,5.82,CA,1552892400
322,Cortez,37.35,-108.58,32.0,80,1,3.36,US,1552895814
323,Portland,45.52,-122.67,52.0,57,1,5.82,US,1552895873
324,Mae Hong Son,19.3,97.96,96.8,23,0,2.24,MM,1552892400
325,Syracuse,43.05,-76.15,28.4,92,90,3.18,US,1552895741
326,Bubaque,11.28,-15.83,77.03,97,0,8.55,GW,1552895906
327,Borogontsy,62.67,131.17,3.5,53,0,3.74,RU,1552895906
328,Mwene-Ditu,-7.01,23.45,81.66,90,44,5.3,CD,1552895907
329,Port Blair,11.67,92.75,84.63,100,0,6.42,IN,1552895638
330,Monte Patria,-30.69,-70.96,44.13,68,0,2.95,CL,1552895907
331,Manokwari,-0.87,134.08,82.65,95,44,6.2,ID,1552895688
332,Pimentel,-3.7,-45.5,72.93,96,32,2.51,BR,1552895908
333,Candelaria,3.41,-76.35,69.8,88,20,5.82,CO,1552892400
334,Aguimes,27.91,-15.45,62.6,67,20,16.11,ES,1552895735
335,Tungor,53.39,142.95,17.58,91,88,13.8,RU,1552895909
336,Nanortalik,60.14,-45.24,31.58,98,88,13.47,GL,1552895910
337,Atyrau,47.1,51.92,41.0,75,75,15.66,KZ,1552894200
338,Msanga,-6.04,36.03,86.07,54,20,7.2,TZ,1552895910
339,Aleksin,54.5,37.07,35.6,97,90,11.18,RU,1552892400
340,Takoradi,4.89,-1.75,84.05,95,8,6.42,GH,1552895910
341,Nizhniy Baskunchak,48.22,46.83,42.11,72,20,11.45,RU,1552895911
342,Champerico,16.38,-93.6,66.27,79,56,6.08,MX,1552895911
343,Lamar,38.09,-102.62,37.4,59,1,12.75,US,1552895103
344,Genhe,50.78,121.52,29.6,52,8,3.18,CN,1552895912
345,Muros,42.77,-9.06,52.0,86,20,5.82,ES,1552895901
346,Pangody,65.85,74.49,13.31,88,68,10.67,RU,1552895912
347,Kautokeino,69.01,23.04,21.5,80,88,10.45,NO,1552895912
348,Prado,-17.34,-39.22,82.61,95,0,13.24,BR,1552895913
349,Kudahuvadhoo,2.67,72.89,83.28,100,36,3.4,MV,1552895913
350,Hasaki,35.73,140.83,55.99,53,75,12.75,JP,1552895376
351,Darhan,49.49,105.92,32.7,57,32,19.84,MN,1552895913
352,Vikhorevka,56.12,101.17,24.8,62,75,11.18,RU,1552894200
353,Calabozo,8.92,-67.43,76.53,68,0,12.68,VE,1552895914
354,Kraslava,55.9,27.16,39.72,100,92,9.1,LV,1552895914
355,Provo,40.23,-111.66,43.0,74,1,3.4,US,1552895727
356,Rostock,54.09,12.13,42.01,75,75,18.34,DE,1552895835
357,Nelson Bay,-32.72,152.14,71.01,88,75,8.05,AU,1552895441
358,Altay,47.83,88.13,17.81,76,68,1.16,CN,1552895915
359,Pangnirtung,66.15,-65.72,-19.05,80,24,7.2,CA,1552895916
360,Aragarcas,-15.9,-52.25,69.69,92,0,2.73,BR,1552895916
361,Garoua Boulai,5.88,14.55,83.82,71,0,4.63,CM,1552895916
362,Yamada,36.58,137.08,55.0,40,75,8.05,JP,1552895848
363,Luocheng,28.29,114.55,67.44,62,0,4.29,CN,1552895917
364,Sobolevo,54.43,31.9,44.81,83,0,22.64,RU,1552895917
365,Tutoia,-2.76,-42.27,77.66,94,44,4.74,BR,1552895855
366,Necochea,-38.55,-58.74,66.0,95,0,4.74,AR,1552895794
367,Leningradskiy,69.38,178.42,-0.06,84,68,32.14,RU,1552895917
368,Shache,38.42,77.24,70.05,22,0,4.97,CN,1552895918
369,Chara,39.42,22.43,60.8,55,0,3.18,GR,1552895601
370,Andros Town,24.73,-77.79,71.01,88,12,2.73,BS,1552895134
371,Sinjar,35.59,37.0,61.55,90,8,3.74,SY,1552895918
372,Szigetvar,46.05,17.81,48.2,65,75,16.11,HU,1552893300
373,Itoman,26.12,127.67,71.6,73,90,12.75,JP,1552895760
374,Mahebourg,-20.41,57.7,87.8,74,75,12.75,MU,1552895643
375,Port Elizabeth,39.31,-74.98,37.0,74,90,4.7,US,1552895882
376,Steinbach,49.53,-96.69,23.0,85,5,6.93,CA,1552895893
377,Ambilobe,-13.19,49.05,84.0,97,0,2.73,MG,1552895920
378,Arboletes,8.85,-76.43,78.69,100,36,4.41,CO,1552895920
379,Te Anau,-45.41,167.72,57.0,91,76,2.73,NZ,1552895825
380,Shimoda,34.7,138.93,57.2,50,75,10.29,JP,1552894973
381,Neuquen,-38.95,-68.06,60.8,48,0,4.7,AR,1552892400
382,Celestun,20.87,-90.4,77.93,100,64,14.81,MX,1552895912
383,Guarapari,-20.67,-40.5,78.8,88,40,2.24,BR,1552895364
384,Paamiut,61.99,-49.67,31.58,93,44,18.28,GL,1552895921
385,Polunochnoye,60.87,60.43,35.36,81,68,4.18,RU,1552895922
386,Cafarnaum,-11.69,-41.47,64.02,80,0,4.63,BR,1552895922
387,Beatrice,40.27,-96.75,37.0,75,90,4.7,US,1552895788
388,Gamba,28.28,88.52,18.48,89,12,7.76,CN,1552895922
389,Dhidhdhoo,6.88,73.1,84.27,100,0,7.76,MV,1552895841
390,Chabahar,25.29,60.65,77.07,86,0,7.65,IR,1552895923
391,Petropavlovsk-Kamchatskiy,53.05,158.65,30.2,54,40,2.24,RU,1552892400
392,Hobyo,5.35,48.53,84.18,73,20,12.8,SO,1552895923
393,Bonfim,-20.33,-44.24,69.8,88,0,4.7,BR,1552892400
394,Mocuba,-16.84,36.99,88.68,77,48,4.41,MZ,1552895924
395,Griffith,-34.29,146.06,89.6,18,75,14.99,AU,1552893019
396,Port-Gentil,-0.72,8.78,82.4,94,40,5.82,GA,1552892400
397,Kysyl-Syr,63.9,122.77,0.35,62,44,5.19,RU,1552895924
398,Peterhead,-34.83,138.5,79.0,54,0,11.41,AU,1552895705
399,Saint-Ambroise,47.25,-0.65,44.01,93,0,3.36,FR,1552895826
400,Paciran,-6.9,112.33,80.31,84,88,7.09,ID,1552895925
401,Ambanja,-13.68,48.45,86.0,79,75,4.7,MG,1552892400
402,Chirongui,-12.93,45.15,87.8,70,12,4.7,YT,1552894200
403,Terney,45.05,136.61,40.89,66,12,14.7,RU,1552895926
404,Ketovo,55.35,65.33,29.15,96,0,6.2,RU,1552895926
405,Shetpe,44.14,52.16,47.28,74,88,13.02,KZ,1552895926
406,Russell,-33.01,-68.8,57.2,87,0,3.36,AR,1552892400
407,Kayes,14.44,-11.44,84.05,24,0,5.41,ML,1552895927
408,Pacific Grove,36.62,-121.92,57.0,76,1,4.7,US,1552895836
409,Grand Gaube,-20.01,57.66,87.8,74,75,12.75,MU,1552895643
410,Huarmey,-10.07,-78.15,68.43,82,92,2.84,PE,1552895928
411,Sideropolis,-28.6,-49.42,73.38,94,44,11.45,BR,1552895928
412,Nishihara,35.74,139.53,57.99,43,75,18.34,JP,1552895717
413,Acapulco,16.86,-99.88,77.0,94,5,4.7,MX,1552891320
414,Nouakchott,18.08,-15.98,62.6,11,0,6.93,MR,1552894200
415,Charagua,-19.79,-63.2,69.38,98,92,11.56,BO,1552895929
416,Lagoa,37.14,-8.45,50.0,81,0,6.93,PT,1552895828
417,Nizwa,22.93,57.53,83.91,48,0,5.64,OM,1552895930
418,Auki,12.18,6.51,85.85,22,56,14.03,NG,1552895930
419,Oyama,36.31,139.8,62.01,43,40,13.87,JP,1552895686
420,Baoding,38.86,115.49,70.95,22,8,9.89,CN,1552895930
421,Ustye,58.76,27.79,36.71,93,56,9.66,RU,1552895931
422,Poltava,49.59,34.55,48.5,81,0,11.23,UA,1552895931
423,Puerto Madryn,-42.77,-65.04,57.54,80,0,18.61,AR,1552895931
424,Nokaneng,-19.66,22.19,94.44,26,0,10.45,BW,1552895931
425,Pervomayskiy,53.24,40.29,34.23,100,80,7.09,RU,1552895932
426,Tamale,9.4,-0.84,89.81,51,0,4.63,GH,1552895932
427,Vao,59.1,26.19,37.02,93,76,9.55,EE,1552895932
428,Dicabisagan,17.08,122.42,77.34,96,32,4.63,PH,1552895933
429,San Policarpo,12.18,125.51,80.58,87,92,16.49,PH,1552895933
430,Aquiraz,-3.9,-38.39,77.0,94,20,2.24,BR,1552896000
431,Hilton Head Island,32.16,-80.75,48.99,81,1,3.18,US,1552895915
432,Ahipara,-35.17,173.16,68.25,86,48,5.41,NZ,1552895933
433,Hualmay,-11.1,-77.61,69.24,89,92,3.62,PE,1552895934
434,Samarai,-10.62,150.67,79.14,100,92,7.65,PG,1552895934
435,Mandalgovi,45.76,106.27,49.44,58,0,15.03,MN,1552895934
436,Akdepe,42.05,59.39,59.0,82,90,18.34,TM,1552892400
437,Alamogordo,32.9,-105.96,45.0,82,1,3.36,US,1552895824
438,Nizhnyaya Omka,55.43,74.94,22.31,96,12,4.74,RU,1552895935
439,Sasykoli,47.55,47.0,42.56,76,0,12.01,RU,1552895935
440,Channel-Port aux Basques,47.57,-59.14,19.65,89,0,15.82,CA,1552895935
441,Tanah Merah,5.81,102.15,91.4,55,75,9.17,MY,1552892400
442,Dryden,49.79,-92.84,23.0,92,90,5.82,CA,1552892400
443,Krasnystaw,50.98,23.16,41.0,86,40,11.41,PL,1552894200
444,Diapaga,12.07,1.79,87.69,25,44,7.65,BF,1552895936
445,Vila Velha,-3.71,-38.6,77.0,94,20,7.76,BR,1552895290
446,Touros,-5.2,-35.46,79.55,96,68,6.64,BR,1552895856
447,Mahon,51.89,-8.4,43.0,93,75,8.05,IE,1552895461
448,Boras,57.72,12.94,37.99,89,75,8.05,SE,1552895826
449,Port Hedland,-20.31,118.58,96.8,41,0,16.11,AU,1552892400
450,Turmalina,-17.29,-42.73,68.21,90,32,1.95,BR,1552895937
451,Kirakira,-10.46,161.92,83.78,100,76,10.0,SB,1552895937
452,Laguna,27.52,-110.01,50.7,78,0,1.72,MX,1552895938
453,Catuday,16.29,119.81,87.6,69,24,6.53,PH,1552895938
454,Rio Gallegos,-51.62,-69.22,44.6,81,90,26.4,AR,1552892400
455,Nouadhibou,20.93,-17.03,62.6,77,20,16.11,MR,1552896000
456,Hofn,64.25,-15.21,38.33,100,92,7.2,IS,1552895942
457,Pahrump,36.21,-115.98,54.0,40,1,3.18,US,1552895703
458,Snasa,64.25,12.38,28.4,100,75,1.12,NO,1552893600
459,Goderich,43.74,-81.71,28.0,93,20,5.75,CA,1552895617
460,Cariati,39.5,16.95,64.99,93,75,12.75,IT,1552895862
461,Le Locle,47.06,6.75,42.01,86,40,5.82,CH,1552895882
462,Ust-Tarka,55.56,75.71,22.58,95,32,5.19,RU,1552895943
463,Kenora,49.76,-94.48,26.6,92,1,5.82,CA,1552895565
464,Lavrentiya,65.58,-170.99,-2.67,100,0,4.97,RU,1552895943
465,Dulovo,48.37,20.19,45.0,43,92,10.0,SK,1552895708
466,Buala,-8.15,159.59,82.65,93,64,1.16,SB,1552895944
467,Half Moon Bay,37.46,-122.43,59.0,67,1,3.51,US,1552895918
468,Shaki,7.9,4.77,77.0,94,20,7.43,NG,1552892400
469,Los Llanos de Aridane,28.66,-17.92,64.4,68,75,12.75,ES,1552895710
470,Amapa,15.09,-87.97,73.4,88,20,3.36,HN,1552896000
471,Abreu e Lima,-7.9,-34.9,75.2,94,75,3.36,BR,1552896000
472,Hvide Sande,56.01,8.13,42.8,86,44,23.04,DK,1552895814
473,Bereda,43.27,-7.54,39.0,100,20,4.7,ES,1552895642
474,Kavieng,-2.57,150.8,85.35,96,68,8.1,PG,1552895907
475,Gazli,40.13,63.45,75.0,35,88,18.05,UZ,1552895946
476,Nola,3.52,16.05,86.52,70,8,2.73,CF,1552895946
477,Terrace,54.52,-128.61,37.4,100,40,4.7,CA,1552895126
478,Mankera,13.01,5.07,89.81,21,32,11.68,NG,1552895947
479,Ballangen,68.34,16.83,30.0,58,0,26.4,NO,1552895155
480,Biltine,14.53,20.93,89.0,20,0,14.81,TD,1552895947
481,Deming,32.27,-107.76,42.8,80,1,9.17,US,1552895711
482,Birnin Kebbi,12.45,4.2,84.99,22,48,12.68,NG,1552895948
483,Mpongwe,-13.51,28.16,79.59,70,8,4.29,ZM,1552895948
484,Sokoni,-12.89,28.78,67.31,100,92,4.41,CD,1552895948
485,Constitucion,23.99,-104.67,51.01,59,80,1.01,MX,1552895416
486,Dongli,24.18,117.61,73.4,64,40,2.24,CN,1552892400
487,Zhigansk,66.77,123.37,-5.37,55,8,5.75,RU,1552895949
488,Fairview,40.81,-74.0,35.6,37,1,2.73,US,1552895953
489,Lincoln,40.8,-96.67,35.01,92,1,4.7,US,1552895859
490,Azul,-36.78,-59.86,57.95,84,0,5.08,AR,1552895954
491,Padre Paraiso,-17.07,-41.48,70.32,86,8,1.95,BR,1552895955
492,Hovd,63.83,10.7,37.99,80,75,11.41,NO,1552895945
493,Miguel Auza,24.29,-103.45,47.1,94,80,3.96,MX,1552895955
494,Korcula,42.96,17.14,53.6,81,75,4.7,HR,1552894200
495,Margate,-43.03,147.26,68.0,60,75,8.05,AU,1552895954
496,Dunedin,-45.87,170.5,59.0,91,88,2.17,NZ,1552895557
497,San Andres,13.32,122.68,83.73,92,100,13.58,PH,1552895957
498,Kapuskasing,49.42,-82.43,-7.61,76,5,4.7,CA,1552892400
499,Canar,-2.55,-78.93,78.01,97,36,1.28,EC,1552895714
500,Plettenberg Bay,-34.05,23.37,71.04,98,100,8.99,ZA,1552895844
501,Silchar,24.83,92.8,80.13,65,68,1.95,IN,1552895958
502,Taoudenni,22.68,-3.98,73.16,12,24,5.19,ML,1552895959
503,Carutapera,-1.2,-46.02,75.99,99,76,3.18,BR,1552895959
504,Timmins,48.48,-81.33,-9.41,76,5,3.36,CA,1552892400
505,Praia,-20.25,-43.81,69.8,88,0,4.7,BR,1552892400
506,Hindupur,13.83,77.49,95.88,26,0,4.63,IN,1552895959
507,Beloha,-25.17,45.06,89.9,50,64,9.33,MG,1552895960
508,Chongwe,-15.33,28.68,80.6,57,0,2.24,ZM,1552892400
509,Kenai,60.55,-151.26,39.2,69,90,4.7,US,1552895824
510,Kingisepp,59.38,28.61,39.27,99,92,5.19,RU,1552895960
511,Tyup,42.73,78.36,39.41,87,0,0.94,KG,1552895961
512,Omboue,-1.57,9.26,84.86,98,0,6.76,GA,1552895961
513,Mokrousovo,55.81,66.77,27.93,100,0,6.2,RU,1552895961
514,Ha Giang,22.83,104.99,66.95,89,88,2.17,VN,1552895962
515,Vestmannaeyjar,63.44,-20.27,41.0,100,75,14.99,IS,1552892400
516,Bilma,18.69,12.92,80.31,18,88,5.64,NE,1552895962
517,Torbat-e Jam,35.24,60.63,49.8,80,24,16.82,IR,1552895962
518,Omutninsk,58.67,52.18,33.51,96,80,8.66,RU,1552895963
519,Maldonado,-34.91,-54.96,69.8,94,75,5.82,UY,1552892400
520,Dolores,-36.31,-57.68,61.32,94,36,2.84,AR,1552895963
521,Tual,-5.67,132.75,84.9,98,64,7.87,ID,1552895964
522,Bathsheba,13.22,-59.52,78.24,100,80,18.5,BB,1552895964
523,Muroto,33.37,134.14,53.6,54,75,5.82,JP,1552892400
524,Alofi,-19.06,-169.92,78.8,83,88,2.24,NU,1552892400
525,Bafoulabe,13.81,-10.83,83.37,27,0,4.41,ML,1552895964
526,Umm Kaddadah,13.6,26.69,82.2,10,0,15.48,SD,1552895965
527,Awbari,26.59,12.77,71.0,30,0,12.46,LY,1552895965
528,Muromtsevo,56.37,75.24,22.89,94,12,6.42,RU,1552895965
529,Labuhan,-2.54,115.51,84.09,68,36,1.05,ID,1552895965
530,Fare,-16.7,-151.02,83.73,98,56,3.4,PF,1552895965
531,Linfen,36.09,111.52,62.58,42,0,2.84,CN,1552895966
532,Isabela,10.2,122.99,84.9,62,32,7.43,PH,1552895966
533,Cockburn Town,21.46,-71.14,76.71,100,0,8.43,TC,1552895707
534,Kholtoson,50.3,103.31,22.4,53,12,11.01,RU,1552895966
535,Hutang,29.22,119.85,64.99,63,76,6.64,CN,1552895886
536,Reinosa,43.0,-4.14,46.99,87,40,4.7,ES,1552895884
537,Sarany,58.55,58.76,34.01,82,80,4.18,RU,1552895967
538,Keflavik,64.0,-22.56,42.01,93,75,14.99,IS,1552895196
539,Baglan,51.62,-3.81,46.0,93,64,9.17,GB,1552895945
540,Gerash,27.67,54.14,59.0,54,0,5.64,IR,1552892400
541,Atasu,48.68,71.64,34.05,88,0,16.04,KZ,1552895968
542,Yumen,40.29,97.04,55.38,36,0,13.02,CN,1552895968
543,Puerto Baquerizo Moreno,-0.9,-89.6,74.28,96,20,1.83,EC,1552895968
544,Lewistown,40.39,-90.15,33.01,92,1,2.84,US,1552895797
545,Maxixe,-23.86,35.35,84.2,70,40,2.24,MZ,1552892400
546,Kununurra,-15.77,128.74,96.8,41,40,6.93,AU,1552894200
547,Sorland,67.67,12.69,33.8,100,0,19.46,NO,1552891800
548,Kyzyl-Suu,42.34,78.0,21.99,71,8,2.84,KG,1552895911
549,Iquique,-20.22,-70.14,68.0,64,0,6.93,CL,1552892400
550,Puerto Escondido,15.86,-97.07,82.02,100,44,9.66,MX,1552895970
551,Svetlogorsk,53.14,59.15,23.0,73,40,15.66,RU,1552894200
552,Karakol,42.49,78.39,39.41,87,0,0.94,KG,1552895971
553,Fairbanks,64.84,-147.72,41.0,64,40,5.53,US,1552895759
554,El Carmen,-24.39,-65.26,64.4,93,40,2.17,AR,1552892400
555,Kloulklubed,7.04,134.26,77.0,94,90,10.29,PW,1552891800
556,Suoyarvi,62.08,32.35,35.85,97,92,11.01,RU,1552895973
557,Fortuna,38.18,-1.13,59.0,67,75,19.46,ES,1552895971
558,Polovinnoye,54.79,65.99,27.53,100,0,7.99,RU,1552895974
559,Sortavala,61.7,30.69,33.01,90,92,4.0,RU,1552895405
560,Beysehir,37.68,31.72,53.76,72,0,1.83,TR,1552895820
561,Pindiga,9.98,10.93,87.42,18,92,9.44,NG,1552895975
562,Saint-Pierre,48.95,4.24,42.01,100,75,11.41,FR,1552895825
563,Chalmette,29.94,-89.96,55.4,87,1,4.7,US,1552895886
564,Coquimbo,-29.95,-71.34,59.34,100,48,5.19,CL,1552895978
565,Marawi,8.0,124.29,79.0,88,80,8.01,PH,1552895135
566,Karratha,-20.74,116.85,92.6,48,0,5.64,AU,1552895979
567,Paita,-5.09,-81.11,74.64,75,48,3.18,PE,1552895979
568,Fairfield,38.25,-122.04,57.0,81,1,2.73,US,1552895763
569,Puerto Narino,-3.77,-70.38,75.2,100,40,2.24,CO,1552892400
570,Tagusao,9.19,117.81,84.54,74,0,7.43,PH,1552895981
571,Alice,27.75,-98.07,53.6,100,1,2.95,US,1552895599
572,Basoko,1.23,23.61,85.62,73,36,4.74,CD,1552895981
573,Tanout,14.97,8.88,84.9,16,68,13.24,NE,1552895982
